id;name;rating;url;popularity;thumbnail;created_at;released;duration;color
1;Table;33605;https://derrick.info;infrastructures primary Pike;matrices;2020-04-16T02:26:34;2020-04-16T06:10:42;97313;olive
2;Open-source background;50451;https://diana.org;networks;feed Money Market Account;2020-04-15T20:50:47;2020-04-16T17:03:24;13154;orange
3;Balanced;15900;http://teagan.com;clicks-and-mortar backing up;Representative Ergonomic;2020-04-16T00:21:50;2020-04-16T16:18:13;79628;tan
4;multi-byte;61732;https://lavina.info;Avon;Usability;2020-04-16T10:46:36;2020-04-16T06:55:03;59956;tan
5;Incredible;52697;https://florencio.name;Handmade cutting-edge;Concrete;2020-04-16T08:24:08;2020-04-15T22:32:59;63615;silver
6;Virtual Dong;41252;http://javonte.net;Berkshire payment;Specialist e-commerce Frozen;2020-04-16T17:21:35;2020-04-15T20:38:10;7867;salmon
7;Small Metal Chips optimizing;28930;http://brice.biz;forecast Advanced cross-media;synergistic yellow purple;2020-04-15T23:13:05;2020-04-16T14:30:20;87755;violet
8;Sudanese Pound;1179;http://mable.biz;microchip Down-sized;action-items hard drive human-resource;2020-04-16T06:39:28;2020-04-16T05:27:51;93159;sky blue
9;Virtual Kids implement;29120;https://aditya.name;Practical bandwidth;maximized;2020-04-15T21:07:10;2020-04-15T19:45:50;10395;lavender
10;reintermediate Credit Card Account;75745;http://jasmin.info;Orchestrator payment;Research;2020-04-16T11:26:57;2020-04-15T23:31:45;96454;fuchsia
